-- MySQL Script generated by MySQL Workbench
-- 05/16/16 15:29:35
-- Model: New Model    Version: 1.0
-- MySQL Workbench Forward Engineering

SET @OLD_UNIQUE_CHECKS=@@UNIQUE_CHECKS, UNIQUE_CHECKS=0;
SET @OLD_FOREIGN_KEY_CHECKS=@@FOREIGN_KEY_CHECKS, FOREIGN_KEY_CHECKS=0;
SET @OLD_SQL_MODE=@@SQL_MODE, SQL_MODE='TRADITIONAL,ALLOW_INVALID_DATES';

-- -----------------------------------------------------
-- Schema ciamsa
-- -----------------------------------------------------
DROP SCHEMA IF EXISTS `ciamsa` ;

-- -----------------------------------------------------
-- Schema ciamsa
-- -----------------------------------------------------
CREATE SCHEMA IF NOT EXISTS `ciamsa` DEFAULT CHARACTER SET utf8 ;
USE `ciamsa` ;

-- -----------------------------------------------------
-- Table `ciamsa`.`departamentos`
-- -----------------------------------------------------
CREATE TABLE IF NOT EXISTS `ciamsa`.`departamentos` (
  `id` INT(11) NOT NULL AUTO_INCREMENT,
  `departamento` VARCHAR(255) NULL DEFAULT NULL,
  `active` TINYINT(1) NULL DEFAULT 1,
  PRIMARY KEY (`id`))
ENGINE = InnoDB
AUTO_INCREMENT = 34
DEFAULT CHARACTER SET = utf8;


-- -----------------------------------------------------
-- Table `ciamsa`.`etapas_cultivo`
-- -----------------------------------------------------
CREATE TABLE IF NOT EXISTS `ciamsa`.`etapas_cultivo` (
  `id` INT(11) NOT NULL AUTO_INCREMENT,
  `etapas` VARCHAR(45) NULL,
  `imagen` VARCHAR(45) NULL DEFAULT NULL,
  `active` TINYINT(1) NULL DEFAULT 1,
  PRIMARY KEY (`id`))
ENGINE = InnoDB
AUTO_INCREMENT = 5
DEFAULT CHARACTER SET = utf8
ROW_FORMAT = DEFAULT;


-- -----------------------------------------------------
-- Table `ciamsa`.`productos`
-- -----------------------------------------------------
CREATE TABLE IF NOT EXISTS `ciamsa`.`productos` (
  `id` INT(11) NOT NULL AUTO_INCREMENT,
  `nombre_producto` VARCHAR(255) NULL DEFAULT NULL,
  `logo` VARCHAR(45) NULL DEFAULT NULL,
  `active` TINYINT(1) NULL DEFAULT 1,
  PRIMARY KEY (`id`))
ENGINE = InnoDB
AUTO_INCREMENT = 5
DEFAULT CHARACTER SET = utf8;


-- -----------------------------------------------------
-- Table `ciamsa`.`referencia`
-- -----------------------------------------------------
CREATE TABLE IF NOT EXISTS `ciamsa`.`referencia` (
  `id` INT(11) NOT NULL AUTO_INCREMENT,
  `nombre_referencia` VARCHAR(45) NULL DEFAULT NULL,
  `componentes` VARCHAR(45) NULL DEFAULT NULL,
  `productos_id` INT(11) NULL DEFAULT NULL,
  `active` TINYINT(1) NULL DEFAULT 1,
  PRIMARY KEY (`id`),
  INDEX `fk_referencia_productos1_idx` (`productos_id` ASC),
  CONSTRAINT `fk_referencia_productos1`
    FOREIGN KEY (`productos_id`)
    REFERENCES `ciamsa`.`productos` (`id`)
    ON DELETE NO ACTION
    ON UPDATE NO ACTION)
ENGINE = InnoDB
AUTO_INCREMENT = 33
DEFAULT CHARACTER SET = utf8;


-- -----------------------------------------------------
-- Table `ciamsa`.`tipo_cultivo`
-- -----------------------------------------------------
CREATE TABLE IF NOT EXISTS `ciamsa`.`tipo_cultivo` (
  `id` INT(11) NOT NULL AUTO_INCREMENT,
  `cultivo` VARCHAR(45) NULL DEFAULT NULL,
  `icono` VARCHAR(255) NULL DEFAULT NULL,
  `active` TINYINT(1) NULL DEFAULT 1,
  PRIMARY KEY (`id`))
ENGINE = InnoDB
AUTO_INCREMENT = 11
DEFAULT CHARACTER SET = utf8;


-- -----------------------------------------------------
-- Table `ciamsa`.`usuario`
-- -----------------------------------------------------
CREATE TABLE IF NOT EXISTS `ciamsa`.`usuario` (
  `id` INT(11) NOT NULL AUTO_INCREMENT,
  `nombre` VARCHAR(255) NULL DEFAULT NULL,
  `correo` VARCHAR(255) NULL DEFAULT NULL,
  `ciudad` VARCHAR(255) NULL DEFAULT NULL,
  `telefono` VARCHAR(255) NULL DEFAULT NULL,
  `celular` VARCHAR(255) NULL DEFAULT NULL,
  `fertilizante` VARCHAR(255) NULL DEFAULT NULL,
  `informacion` VARCHAR(255) NULL DEFAULT NULL,
  `estado` TINYINT(1) NULL DEFAULT NULL,
  `tipo_cultivo_id` INT(11) NULL DEFAULT NULL,
  `etapas_cultivo_id` INT(11) NULL DEFAULT NULL,
  `departamentos_id` INT(11) NULL DEFAULT NULL,
  `active` TINYINT(1) NOT NULL DEFAULT 1,
  PRIMARY KEY (`id`, `tipo_cultivo_id`, `etapas_cultivo_id`, `departamentos_id`),
  INDEX `fk_Usuario_tipo_cultivo1_idx` (`tipo_cultivo_id` ASC),
  INDEX `fk_Usuario_etapas_cultivo1_idx` (`etapas_cultivo_id` ASC),
  INDEX `fk_Usuario_departamentos1_idx` (`departamentos_id` ASC),
  CONSTRAINT `fk_Usuario_departamentos1`
    FOREIGN KEY (`departamentos_id`)
    REFERENCES `ciamsa`.`departamentos` (`id`)
    ON DELETE NO ACTION
    ON UPDATE NO ACTION,
  CONSTRAINT `fk_Usuario_etapas_cultivo1`
    FOREIGN KEY (`etapas_cultivo_id`)
    REFERENCES `ciamsa`.`etapas_cultivo` (`id`)
    ON DELETE NO ACTION
    ON UPDATE NO ACTION,
  CONSTRAINT `fk_Usuario_tipo_cultivo1`
    FOREIGN KEY (`tipo_cultivo_id`)
    REFERENCES `ciamsa`.`tipo_cultivo` (`id`)
    ON DELETE NO ACTION
    ON UPDATE NO ACTION)
ENGINE = InnoDB
DEFAULT CHARACTER SET = utf8;


-- -----------------------------------------------------
-- Table `ciamsa`.`etapas_cultivo_has_tipo_cultivo`
-- -----------------------------------------------------
CREATE TABLE IF NOT EXISTS `ciamsa`.`etapas_cultivo_has_tipo_cultivo` (
  `id` INT NOT NULL AUTO_INCREMENT,
  `etapas_cultivo_id` INT(11) NOT NULL,
  `tipo_cultivo_id` INT(11) NOT NULL,
  `referencia_id` INT(11) NOT NULL,
  PRIMARY KEY (`id`, `etapas_cultivo_id`, `tipo_cultivo_id`, `referencia_id`),
  INDEX `fk_etapas_cultivo_has_tipo_cultivo_tipo_cultivo1_idx` (`tipo_cultivo_id` ASC),
  INDEX `fk_etapas_cultivo_has_tipo_cultivo_etapas_cultivo1_idx` (`etapas_cultivo_id` ASC),
  INDEX `fk_etapas_cultivo_has_tipo_cultivo_referencia1_idx` (`referencia_id` ASC),
  CONSTRAINT `fk_etapas_cultivo_has_tipo_cultivo_etapas_cultivo1`
    FOREIGN KEY (`etapas_cultivo_id`)
    REFERENCES `ciamsa`.`etapas_cultivo` (`id`)
    ON DELETE NO ACTION
    ON UPDATE NO ACTION,
  CONSTRAINT `fk_etapas_cultivo_has_tipo_cultivo_tipo_cultivo1`
    FOREIGN KEY (`tipo_cultivo_id`)
    REFERENCES `ciamsa`.`tipo_cultivo` (`id`)
    ON DELETE NO ACTION
    ON UPDATE NO ACTION,
  CONSTRAINT `fk_etapas_cultivo_has_tipo_cultivo_referencia1`
    FOREIGN KEY (`referencia_id`)
    REFERENCES `ciamsa`.`referencia` (`id`)
    ON DELETE NO ACTION
    ON UPDATE NO ACTION)
ENGINE = InnoDB
DEFAULT CHARACTER SET = utf8;


SET SQL_MODE=@OLD_SQL_MODE;
SET FOREIGN_KEY_CHECKS=@OLD_FOREIGN_KEY_CHECKS;
SET UNIQUE_CHECKS=@OLD_UNIQUE_CHECKS;

-- -----------------------------------------------------
-- Data for table `ciamsa`.`departamentos`
-- -----------------------------------------------------
START TRANSACTION;
USE `ciamsa`;
INSERT INTO `ciamsa`.`departamentos` (`id`, `departamento`, `active`) VALUES (1, ' Amazonas',  1);
INSERT INTO `ciamsa`.`departamentos` (`id`, `departamento`, `active`) VALUES (2, ' Antioquia',  1);
INSERT INTO `ciamsa`.`departamentos` (`id`, `departamento`, `active`) VALUES (3, ' Arauca',  1);
INSERT INTO `ciamsa`.`departamentos` (`id`, `departamento`, `active`) VALUES (4, ' Atlantico',  1);
INSERT INTO `ciamsa`.`departamentos` (`id`, `departamento`, `active`) VALUES (5, ' Bogota',  1);
INSERT INTO `ciamsa`.`departamentos` (`id`, `departamento`, `active`) VALUES (6, ' Bolívar',  1);
INSERT INTO `ciamsa`.`departamentos` (`id`, `departamento`, `active`) VALUES (7, ' Boyacá',  1);
INSERT INTO `ciamsa`.`departamentos` (`id`, `departamento`, `active`) VALUES (8, ' Caldas',  1);
INSERT INTO `ciamsa`.`departamentos` (`id`, `departamento`, `active`) VALUES (9, ' Caquetá',  1);
INSERT INTO `ciamsa`.`departamentos` (`id`, `departamento`, `active`) VALUES (10, ' Casanare',  1);
INSERT INTO `ciamsa`.`departamentos` (`id`, `departamento`, `active`) VALUES (11, ' Cauca',  1);
INSERT INTO `ciamsa`.`departamentos` (`id`, `departamento`, `active`) VALUES (12, ' Cesar',  1);
INSERT INTO `ciamsa`.`departamentos` (`id`, `departamento`, `active`) VALUES (13, ' Choco',  1);
INSERT INTO `ciamsa`.`departamentos` (`id`, `departamento`, `active`) VALUES (14, ' Córdoba',  1);
INSERT INTO `ciamsa`.`departamentos` (`id`, `departamento`, `active`) VALUES (15, ' Cundinamarca',  1);
INSERT INTO `ciamsa`.`departamentos` (`id`, `departamento`, `active`) VALUES (16, ' Guainía',  1);
INSERT INTO `ciamsa`.`departamentos` (`id`, `departamento`, `active`) VALUES (17, ' Guaviare',  1);
INSERT INTO `ciamsa`.`departamentos` (`id`, `departamento`, `active`) VALUES (18, ' Huila',  1);
INSERT INTO `ciamsa`.`departamentos` (`id`, `departamento`, `active`) VALUES (19, ' La Guajira',  1);
INSERT INTO `ciamsa`.`departamentos` (`id`, `departamento`, `active`) VALUES (20, ' Magdalena',  1);
INSERT INTO `ciamsa`.`departamentos` (`id`, `departamento`, `active`) VALUES (21, ' Meta',  1);
INSERT INTO `ciamsa`.`departamentos` (`id`, `departamento`, `active`) VALUES (22, ' Nariño',  1);
INSERT INTO `ciamsa`.`departamentos` (`id`, `departamento`, `active`) VALUES (23, ' Norte de Santander',  1);
INSERT INTO `ciamsa`.`departamentos` (`id`, `departamento`, `active`) VALUES (24, ' Putumayo',  1);
INSERT INTO `ciamsa`.`departamentos` (`id`, `departamento`, `active`) VALUES (25, ' Quindio',  1);
INSERT INTO `ciamsa`.`departamentos` (`id`, `departamento`, `active`) VALUES (26, ' Risaralda',  1);
INSERT INTO `ciamsa`.`departamentos` (`id`, `departamento`, `active`) VALUES (27, ' San Andrés y Providencia',  1);
INSERT INTO `ciamsa`.`departamentos` (`id`, `departamento`, `active`) VALUES (28, ' Santander',  1);
INSERT INTO `ciamsa`.`departamentos` (`id`, `departamento`, `active`) VALUES (29, ' Sucre',  1);
INSERT INTO `ciamsa`.`departamentos` (`id`, `departamento`, `active`) VALUES (30, ' Tolima',  1);
INSERT INTO `ciamsa`.`departamentos` (`id`, `departamento`, `active`) VALUES (31, ' Valle del Cauca',  1);
INSERT INTO `ciamsa`.`departamentos` (`id`, `departamento`, `active`) VALUES (32, ' Vaupés',  1);
INSERT INTO `ciamsa`.`departamentos` (`id`, `departamento`, `active`) VALUES (33, ' Vichada',  1);

COMMIT;


-- -----------------------------------------------------
-- Data for table `ciamsa`.`etapas_cultivo`
-- -----------------------------------------------------
START TRANSACTION;
USE `ciamsa`;
INSERT INTO `ciamsa`.`etapas_cultivo` (`id`, `etapas`, `imagen`, `active`) VALUES (1, 'Siembra', 'null', 1);
INSERT INTO `ciamsa`.`etapas_cultivo` (`id`, `etapas`, `imagen`, `active`) VALUES (2, 'Crecimiento y Desarrollo', 'null', 1);
INSERT INTO `ciamsa`.`etapas_cultivo` (`id`, `etapas`, `imagen`, `active`) VALUES (3, 'Producción', 'null', 1);
INSERT INTO `ciamsa`.`etapas_cultivo` (`id`, `etapas`, `imagen`, `active`) VALUES (4, 'Crecimiento Vegetativo', 'null', 1);

COMMIT;


-- -----------------------------------------------------
-- Data for table `ciamsa`.`productos`
-- -----------------------------------------------------
START TRANSACTION;
USE `ciamsa`;
INSERT INTO `ciamsa`.`productos` (`id`, `nombre_producto`, `logo`, `active`) VALUES (1, 'FORKAMIX', 'null', 1);
INSERT INTO `ciamsa`.`productos` (`id`, `nombre_producto`, `logo`, `active`) VALUES (2, 'NUTRIKIMIA', 'null', 1);
INSERT INTO `ciamsa`.`productos` (`id`, `nombre_producto`, `logo`, `active`) VALUES (3, 'NITROEFFI100', 'null', 1);
INSERT INTO `ciamsa`.`productos` (`id`, `nombre_producto`, `logo`, `active`) VALUES (4, 'SIMPLES', 'null', 1);

COMMIT;


-- -----------------------------------------------------
-- Data for table `ciamsa`.`referencia`
-- -----------------------------------------------------
START TRANSACTION;
USE `ciamsa`;
INSERT INTO `ciamsa`.`referencia` (`id`, `nombre_referencia`, `componentes`, `productos_id`, `active`) VALUES (1, '22-3-20+(ES)', 'null', 1, 1);
INSERT INTO `ciamsa`.`referencia` (`id`, `nombre_referencia`, `componentes`, `productos_id`, `active`) VALUES (2, '24-0-17 Ciamsa 3', 'null', 1, 1);
INSERT INTO `ciamsa`.`referencia` (`id`, `nombre_referencia`, `componentes`, `productos_id`, `active`) VALUES (3, '15-15-15+(ESM)', 'null', 1, 1);
INSERT INTO `ciamsa`.`referencia` (`id`, `nombre_referencia`, `componentes`, `productos_id`, `active`) VALUES (4, '25-4-24', 'null', 1, 1);
INSERT INTO `ciamsa`.`referencia` (`id`, `nombre_referencia`, `componentes`, `productos_id`, `active`) VALUES (5, '10-20-20 Papa', 'null', 1, 1);
INSERT INTO `ciamsa`.`referencia` (`id`, `nombre_referencia`, `componentes`, `productos_id`, `active`) VALUES (7, '17-6-18+6 Cafetero', 'null', 1, 1);
INSERT INTO `ciamsa`.`referencia` (`id`, `nombre_referencia`, `componentes`, `productos_id`, `active`) VALUES (8, '18-18-18+(ES)', 'null', 1, 1);
INSERT INTO `ciamsa`.`referencia` (`id`, `nombre_referencia`, `componentes`, `productos_id`, `active`) VALUES (9, '13-26-10+4 Papa', 'null', 1, 1);
INSERT INTO `ciamsa`.`referencia` (`id`, `nombre_referencia`, `componentes`, `productos_id`, `active`) VALUES (10, '10-30-10+3 Papa', 'null', 1, 1);
INSERT INTO `ciamsa`.`referencia` (`id`, `nombre_referencia`, `componentes`, `productos_id`, `active`) VALUES (11, '25-15-0', 'null', 1, 1);
INSERT INTO `ciamsa`.`referencia` (`id`, `nombre_referencia`, `componentes`, `productos_id`, `active`) VALUES (12, '10-20-30', 'null', 1, 1);
INSERT INTO `ciamsa`.`referencia` (`id`, `nombre_referencia`, `componentes`, `productos_id`, `active`) VALUES (13, '12-34-12 Papa', 'null', 1, 1);
INSERT INTO `ciamsa`.`referencia` (`id`, `nombre_referencia`, `componentes`, `productos_id`, `active`) VALUES (14, '14-4-23+4 Plátano', 'null', 1, 1);
INSERT INTO `ciamsa`.`referencia` (`id`, `nombre_referencia`, `componentes`, `productos_id`, `active`) VALUES (15, '34-5-5+(ES)', 'null', 1, 1);
INSERT INTO `ciamsa`.`referencia` (`id`, `nombre_referencia`, `componentes`, `productos_id`, `active`) VALUES (16, '15-15-15+9(S)', 'null', 2, 1);
INSERT INTO `ciamsa`.`referencia` (`id`, `nombre_referencia`, `componentes`, `productos_id`, `active`) VALUES (17, '27-6-6', 'null', 2, 1);
INSERT INTO `ciamsa`.`referencia` (`id`, `nombre_referencia`, `componentes`, `productos_id`, `active`) VALUES (18, '16-16-16', 'null', 2, 1);
INSERT INTO `ciamsa`.`referencia` (`id`, `nombre_referencia`, `componentes`, `productos_id`, `active`) VALUES (19, '8-24-24+2(S)', 'null', 2, 1);
INSERT INTO `ciamsa`.`referencia` (`id`, `nombre_referencia`, `componentes`, `productos_id`, `active`) VALUES (20, '12-24-12', 'null', 2, 1);
INSERT INTO `ciamsa`.`referencia` (`id`, `nombre_referencia`, `componentes`, `productos_id`, `active`) VALUES (23, 'Urea Granulada 46-0-0', 'null', 4, 1);
INSERT INTO `ciamsa`.`referencia` (`id`, `nombre_referencia`, `componentes`, `productos_id`, `active`) VALUES (24, 'Urea Prilled 46-0-0', 'null', 4, 1);
INSERT INTO `ciamsa`.`referencia` (`id`, `nombre_referencia`, `componentes`, `productos_id`, `active`) VALUES (25, 'SAM', 'null', 4, 1);
INSERT INTO `ciamsa`.`referencia` (`id`, `nombre_referencia`, `componentes`, `productos_id`, `active`) VALUES (26, 'SAM Estandar', 'null', 4, 1);
INSERT INTO `ciamsa`.`referencia` (`id`, `nombre_referencia`, `componentes`, `productos_id`, `active`) VALUES (27, 'Kieserita', 'null', 4, 1);
INSERT INTO `ciamsa`.`referencia` (`id`, `nombre_referencia`, `componentes`, `productos_id`, `active`) VALUES (28, 'Esta-Kieserita', 'null', 4, 1);
INSERT INTO `ciamsa`.`referencia` (`id`, `nombre_referencia`, `componentes`, `productos_id`, `active`) VALUES (29, 'Kom-Kail+B', 'null', 4, 1);
INSERT INTO `ciamsa`.`referencia` (`id`, `nombre_referencia`, `componentes`, `productos_id`, `active`) VALUES (30, 'MAP Fosfato mono amoniaco 11-52-0', 'null', 4, 1);
INSERT INTO `ciamsa`.`referencia` (`id`, `nombre_referencia`, `componentes`, `productos_id`, `active`) VALUES (31, 'KCL Cloruro de potasio 0-0-60', 'null', 4, 1);
INSERT INTO `ciamsa`.`referencia` (`id`, `nombre_referencia`, `componentes`, `productos_id`, `active`) VALUES (32, 'DAP Dinamico de potasio 18-46-0', 'null', 4, 1);
INSERT INTO `ciamsa`.`referencia` (`id`, `nombre_referencia`, `componentes`, `productos_id`, `active`) VALUES (21, 'NITRO EFII', 'null', 3, 1);
INSERT INTO `ciamsa`.`referencia` (`id`, `nombre_referencia`, `componentes`, `productos_id`, `active`) VALUES (22, 'NITRO UAN32 (LIQUIDO)', 'null', 3, 1);

COMMIT;


-- -----------------------------------------------------
-- Data for table `ciamsa`.`tipo_cultivo`
-- -----------------------------------------------------
START TRANSACTION;
USE `ciamsa`;
INSERT INTO `ciamsa`.`tipo_cultivo` (`id`, `cultivo`, `icono`, `active`) VALUES (1, 'Cafe', 'null', 1);
INSERT INTO `ciamsa`.`tipo_cultivo` (`id`, `cultivo`, `icono`, `active`) VALUES (2, 'Pasto', 'null', 1);
INSERT INTO `ciamsa`.`tipo_cultivo` (`id`, `cultivo`, `icono`, `active`) VALUES (3, 'Maíz', 'null', 1);
INSERT INTO `ciamsa`.`tipo_cultivo` (`id`, `cultivo`, `icono`, `active`) VALUES (4, 'Hortalizas', 'null', 1);
INSERT INTO `ciamsa`.`tipo_cultivo` (`id`, `cultivo`, `icono`, `active`) VALUES (5, 'Arroz', 'null', 1);
INSERT INTO `ciamsa`.`tipo_cultivo` (`id`, `cultivo`, `icono`, `active`) VALUES (6, 'Caña', 'null', 1);
INSERT INTO `ciamsa`.`tipo_cultivo` (`id`, `cultivo`, `icono`, `active`) VALUES (7, 'Plátano', 'null', 1);
INSERT INTO `ciamsa`.`tipo_cultivo` (`id`, `cultivo`, `icono`, `active`) VALUES (8, 'Frutales', 'null', 1);
INSERT INTO `ciamsa`.`tipo_cultivo` (`id`, `cultivo`, `icono`, `active`) VALUES (9, 'Papa', 'null', 1);
INSERT INTO `ciamsa`.`tipo_cultivo` (`id`, `cultivo`, `icono`, `active`) VALUES (10, 'Palma', 'null', 1);

COMMIT;

